{
    "loss": 2.1579556465148926,
    "accuracy": 0.6896551847457886
}